Workbook

Sheet ALAMOD
A1: Contact | B1: Fonction | C1: Libellé structure | D1: Sigle structure
A2: Pierre Barré | B2: DIR | C2: Laboratoire de géologie de l'Ecole Normale Supérieure | D2: LG-ENS
A3: Nikola Besic | B3: CR | C3: Laboratoire d'inventaire forestier | D3: LIF
A4: Antonio Bispo | B4: DIR | C4: Info&Sols | D4: Info&Sols
A5: Line Boulonne | B5: INGE | C5: Info&Sols | D5: Info&Sols
A6: Elisa Bruni | B6: POSTDOC | C6: Laboratoire de géologie de l'Ecole Normale Supérieure | D6: LG-ENS
A7: Rémi Cardinael | B7: DIR | C7: Agroécologie et intensification durables des cultures annuelles | D7: AIDA
A8: Youssef Chatty | B8: DOC | C8: Info&Sols | D8: Info&Sols
A9: Claire Chenu | B9: DIR | C9: Ecologie fonctionnelle et écotoxicologie des agroécosystèmes | D9: ECOSYS
A10: Tiphaine Chevallier | B10: DIR | C10: Ecologie Fonctionnelle et Biogéochimie des Sols et Agrosystèmes | D10: Eco&Sols
A11: Moussa Mory Diédhiou | B11: CR | C11: Ecologie Fonctionnelle et Biogéochimie des Sols et Agrosystèmes | D11: Eco&Sols
A12: Alexandre Eymard | B12: INGE | C12: Ecologie Fonctionnelle et Biogéochimie des Sols et Agrosystèmes | D12: Eco&Sols
... A50: Laurent Thuries | B50: CR | C50: Recyclage&Risques | D50: Recyclage&Risques

Sheet SLAMB
A1: Contact | B1: Fonction | C1: Libellé structure | D1: Sigle structure
A2: Christine Delire | B2: CR | C2: Centre national de recherches météorologiques | D2: CNRM
A3: Olivier Thérond | B3: DIR | C3: Laboratoire Agronomie et Environnement | D3: LAE
A4: Baptiste Lesquoy | B4: INGE | C4: Unité de Modélisation Mathématique et Informatique des Systèmes Complexes | D4: UMMISCO
A5: Wafa Malik | B5: CR | C5: Recyclage&Risques | D5: Recyclage&Risques
A6: Florian Goutieras | B6: DOC | C6: Ingénierie des Agropolymères et Technologies Emergentes | D6: IATE
A7: Julie Jimenez | B7: CR | C7: Laboratoire de Biotechnologie de l'Environnement | D7: LBE
A8: Jonathan Vayssières | B8: CR | C8: Systèmes d'élevage méditerranéens et tropicaux | D8: SELMET
A9: Jérémy Pantet | B9: POSTDOC | C9: Laboratoire d'Etudes et de Recherches en Economie sur les Structures et Marchés Agricoles, Ressources et Territoires | D9: SMART-LERECO
A10: Tiziano Maisonhaute | B10: DOC | C10: Recyclage&Risques | D10: Recyclage&Risques
A11: Agathe Souiry | B11: INGE | C11: Fractionnement des Agro-Ressources et Environnement | D11: FARE
A12: Marc Girard | B12: CR | C12: Biogéochimie des Ecosystèmes Forestiers | D12: BEF
... A57: Mélanie Munch | B57: INGE | C57: Science et Technologie du Lait et de l'Œuf | D57: STLO

Sheet CARBONIUM
A1: Contact | B1: Fonction | C1: Libellé structure | D1: Sigle structure
A2: Laure Gandois | B2: MAITRE_DE_CONF | C2: Centre de Recherche sur la Biodiversité et l'Environnement | D2: CRBE
A3: Camille Bouchez | B3: CR | C3: Géosciences Rennes | D3: Geosciences Rennes
A4: Julien Bouchez | B4: CR | C4: UMR-Institut de physique du globe de Paris | D4: IPGP
A5: Eric Chaumillon | B5: PROFESSEUR | C5: LIttoral ENvironnement et Sociétés | D5: LIENSs
A6: Eliot Chatton | B6: INGE | C6: Géosciences Rennes | D6: Geosciences Rennes
A7: Christine Dupuy | B7: PROFESSEUR | C7: LIttoral ENvironnement et Sociétés | D7: LIENSs
A8: Yoann Copard | B8: PROFESSEUR | C8: Morphodynamique Continentale et Côitère | D8: M2C
A9: Camille Crapart | B9: POSTDOC | C9: Institut des Géosciences de l'Environnement | D9: IGE
A10: Sophie Darfeuil | B10: INGE | C10: Institut des Géosciences de l'Environnement | D10: IGE
A11: Clément Fabre | B11: POSTDOC | C11: Centre de Recherche sur la Biodiversité et l'Environnement | D11: CRBE
A12: Josette Garnier | B12: DIR | C12: Milieux environnementaux, transferts et interactions dans les hydrosystèmes et les sols | D12: METIS
... A70: Jean-Philippe Jenny | B70: DIR | C70: Centre Alpin de Recherche sur les Réseaux Trophiques des Ecosystèmes Limniques | D70: CARRTEL

Sheet CROSYEN
A1: Contact | B1: Fonction | C1: Libellé structure | D1: Sigle structure
A2: Yann Nouvellon | B2: DIR | C2: Ecologie Fonctionnelle et Biogéochimie des Sols et Agrosystèmes | D2: Eco&Sols
A3: Lionel Alletto | B3: DIR | C3: AGroécologie, Innovations, teRritoires | D3: AGIR
A4: Pascal Jouquet | B4: DIR | C4: Institut d'écologie et des sciences de l'environnement de Paris | D4: iEES
A5: Mathilde Sester | B5: CR | C5: Agroécologie et intensification durables des cultures annuelles | D5: AIDA
A6: Gilles Tison | B6: DIR | C6: Institut Amélioration Génétique et Adaptation des Plantes méditerranéennes et Tropicales | D6: AGAP
A7: Isabelle Bertrand | B7: CR | C7: Ecologie Fonctionnelle et Biogéochimie des Sols et Agrosystèmes | D7: Eco&Sols
A8: Catherine Henault | B8: DIR | C8: Agroécologie [Dijon] | D8: Agroécologie
A9: Joël Leonard | B9: CR | C9: BioEcoAgro - Unité transfrontalière INRAE | D9: BioEcoAgro
A10: Florent Tivet | B10: CR | C10: Agroécologie et intensification durables des cultures annuelles | D10: AIDA
A11: Myriam Adam | B11: CR | C11: Institut Amélioration Génétique et Adaptation des Plantes méditerranéennes et Tropicales | D11: AGAP
A12: Rémi Cardinael | B12: DIR | C12: Agroécologie et intensification durables des cultures annuelles | D12: AIDA
... A17: Nicolas Bottinelli | B17: CR | C17: Institut d'écologie et des sciences de l'environnement de Paris | D17: iEES

Sheet RIFT
A1: Contact | B1: Fonction | C1: Libellé structure | D1: Sigle structure
A2: Jérôme Demarty | B2: DIR | C2: Hydrosciences Montpellier | D2: HSM
A3: Jean-Martial Cohard | B3: PROFESSEUR | C3: Institut des Géosciences de l'Environnement | D3: IGE
A4: Léna Collet | B4: DOC | C4: Hydrosciences Montpellier | D4: HSM
A5: Lionel Jarlan | B5: DIR | C5: Centre d'études spatiales de la biosphère | D5: CESBIO
A6: Valérie Le Dantec | B6: PROFESSEUR | C6: Centre d'études spatiales de la biosphère | D6: CESBIO
A7: Olivier Roupsard | B7: DIR | C7: Ecologie Fonctionnelle et Biogéochimie des Sols et Agrosystèmes | D7: Eco&Sols
A8: Yann Nouvellon | B8: DIR | C8: Ecologie Fonctionnelle et Biogéochimie des Sols et Agrosystèmes | D8: Eco&Sols
A9: Vincent Blanfort | B9: DIR | C9: Systèmes d'élevage méditerranéens et tropicaux | D9: SELMET
A10: Laurent Kergoat | B10: DIR | C10: Géosciences Environnement Toulouse | D10: GET
A11: Chloé Ollivier | B11: CR | C11: Hydrosciences Montpellier | D11: HSM
A12: Gilles Boulet | B12: DIR | C12: Centre d'études spatiales de la biosphère | D12: CESBIO
... A19: Taeken Wijmer | B19: POSTDOC | C19: Hydrosciences Montpellier | D19: HSM

Sheet DEEPC
A1: Contact | B1: Fonction | C1: Libellé structure | D1: Sigle structure
A2: Jean-Philippe Jenny | B2: DIR | C2: Centre Alpin de Recherche sur les Réseaux Trophiques des Ecosystèmes Limniques | D2: CARRTEL
A3: Manon Boulay | B3: INGE | C3: Laboratoire Chrono-environnement | D3: LCE
A4: Olivia Desgué-Itier | B4: INGE | C4: Centre Alpin de Recherche sur les Réseaux Trophiques des Ecosystèmes Limniques | D4: CARRTEL
A5: Edward Duarte | B5: POSTDOC | C5: Environnements, Dynamiques et Territoires de Montagne | D5: EDYTEM
A6: Valentin Essert | B6: INGE | C6: Laboratoire Chrono-environnement | D6: LCE
A7: Ronny Lauerwald | B7: INGE | C7: Ecologie fonctionnelle et écotoxicologie des agroécosystèmes | D7: ECOSYS
A8: Théo Mazure | B8: DOC | C8: Centre Alpin de Recherche sur les Réseaux Trophiques des Ecosystèmes Limniques | D8: CARRTEL
A9: Viet Tran-Khac | B9: INGE | C9: Centre Alpin de Recherche sur les Réseaux Trophiques des Ecosystèmes Limniques | D9: CARRTEL
A10: Justine Frison | B10: DOC | C10: Laboratoire Chrono-environnement | D10: LCE
A11: Didier Jezequel | B11: MAITRE_DE_CONF | C11: Centre Alpin de Recherche sur les Réseaux Trophiques des Ecosystèmes Limniques | D11: CARRTEL
A12: Hélène Masclaux | B12: MAITRE_DE_CONF | C12: Laboratoire Chrono-environnement | D12: LCE
... A41: Florent Arthaud | B41: MAITRE_DE_CONF | C41: Centre Alpin de Recherche sur les Réseaux Trophiques des Ecosystèmes Limniques | D41: CARRTEL

Sheet TROPECOS
A1: Contact | B1: Fonction | C1: Libellé structure | D1: Sigle structure
A2: Gwenaël Abril | B2: DIR | C2: Laboratoire de Biologie des Organismes et des Ecosystèmes Aquatiques | D2: BOREA
A3: Vincent Vantrepotte | B3: CR | C3: Laboratoire d'océanologie et de géosciences | D3: LOG
A4: Marie Arnaud | B4: CR | C4: Institut d'écologie et des sciences de l'environnement de Paris | D4: iEES
A5: Aurélia Mouret | B5: PROFESSEUR | C5: Laboratoire de Planétologie et Géosciences | D5: LPG
A6: Tarik Meziane | B6: PROFESSEUR | C6: Laboratoire de Biologie des Organismes et des Ecosystèmes Aquatiques | D6: BOREA
A7: Cédric Hubas | B7: PROFESSEUR | C7: Laboratoire de Biologie des Organismes et des Ecosystèmes Aquatiques | D7: BOREA
A8: Charlotte Dromard | B8: MAITRE_DE_CONF | C8: Laboratoire de Biologie des Organismes et des Ecosystèmes Aquatiques | D8: BOREA
A9: Cyril Marchand | B9: PROFESSEUR | C9: Institut de Sciences exactes et appliquées | D9: ISEA
A10: Maximilien Mathian | B10: MAITRE_DE_CONF | C10: Institut de Sciences exactes et appliquées | D10: ISEA
A11: Kapeliele Gututauava | B11: TECH | C11: Institut de Sciences exactes et appliquées | D11: ISEA
A12: Cornélia Rumpel | B12: DIR | C12: Institut d'écologie et des sciences de l'environnement de Paris | D12: iEES
... A28: Joao Paulo Goncalves Barreira | B28: POSTDOC | C28: Laboratoire de Planétologie et Géosciences | D28: LPG

Sheet CABESTAN
A1: Contact | B1: Fonction | C1: Libellé structure | D1: Sigle structure
A2: Pierre Anschutz | B2: PROFESSEUR | C2: Environnements et paléoenvironnements océaniques et continentaux | D2: EPOC
A3: Vona Méléder | B3: PROFESSEUR | C3: Institut Des Substances et Organismes de la Mer | D3: ISOMER
A4: Mélanie Raimonet | B4: CR | C4: Laboratoire des sciences de l'environnement marin | D4: LEMAR
A5: Florian Cesbron | B5: PROFESSEUR | C5: Laboratoire Universitaire des Sciences Appliquées de Cherbourg | D5: LUSAC
A6: Dominique Davoult | B6: PROFESSEUR | C6: Adaptation et diversité en milieu marin | D6: AD2M
A7: Fabien Gibert | B7: CR | C7: Laboratoire de météorologie dynamique | D7: LMD
A8: Christine Dupuy | B8: PROFESSEUR | C8: LIttoral ENvironnement et Sociétés | D8: LIENSs
A9: Edouard Metzger | B9: PROFESSEUR | C9: Laboratoire de Planétologie et Géosciences | D9: LPG
A10: Lionel Denis | B10: DIR | C10: Laboratoire d'océanologie et de géosciences | D10: LOG
A11: Eric Chaumillon | B11: PROFESSEUR | C11: LIttoral ENvironnement et Sociétés | D11: LIENSs
A12: Aurélia Mouret | B12: PROFESSEUR | C12: Laboratoire de Planétologie et Géosciences | D12: LPG
... A20: Paul Kanfer | B20: DOC | C20: Environnements et paléoenvironnements océaniques et continentaux | D20: EPOC

Sheet PEACE
A1: Contact | B1: Fonction | C1: Libellé structure | D1: Sigle structure
A2: Aliénor Allain | B2: POSTDOC | C2: Centre de Recherche sur la Biodiversité et l'Environnement | D2: CRBE
A3: Lucie Germain | B3: DOC | C3: Centre de Recherche sur la Biodiversité et l'Environnement | D3: CRBE
A4: Liudmila Shirokova | B4: CR | C4: Géosciences Environnement Toulouse | D4: GET
A5: Antoine Séjourné | B5: PROFESSEUR | C5: Géosciences Paris-Saclay | D5: GEOPS
A6: Maialen Barret | B6: PROFESSEUR | C6: Centre de Recherche sur la Biodiversité et l'Environnement | D6: CRBE
A7: Julien Fouché | B7: MAITRE_DE_CONF | C7: Laboratoire d'étude des Interactions Sol - Agrosystème - Hydrosystème | D7: LISAH
A8: Marie Anne Alexis | B8: MAITRE_DE_CONF | C8: Milieux environnementaux, transferts et interactions dans les hydrosystèmes et les sols | D8: METIS
A9: Samuel Abiven | B9: PROFESSEUR | C9: Laboratoire de géologie de l'Ecole Normale Supérieure | D9: LG-ENS
A10: Laure Gandois | B10: MAITRE_DE_CONF | C10: Centre de Recherche sur la Biodiversité et l'Environnement | D10: CRBE
A11: Christine Delire | B11: CR | C11: Centre national de recherches météorologiques | D11: CNRM
A12: Bertrand Decharme | B12: CR | C12: Centre national de recherches météorologiques | D12: CNRM
... A21: François Baudin | B21: PROFESSEUR | C21: Institut des sciences de la Terre Paris | D21: iSTeP

Sheet CLIMFAS
A1: Contact | B1: Fonction | C1: Libellé structure | D1: Sigle structure
A2: Kamel Elouhichi | B2: DIR | C2: Paris Saclay Applied Economics | D2: PSAE
A3: Bertrand Guenet | B3: DIR | C3: Laboratoire de géologie de l'Ecole Normale Supérieure | D3: LG-ENS
A4: Douadia Bougherara | B4: CR | C4: Centre d'Economie de l'Environnement - Montpellier | D4: CEE-M
A5: Sabine Lavorel | B5: MAITRE_DE_CONF | C5: Centre de recherches juridiques | D5: CRJ
A6: Raluca Parvulescu | B6: PROFESSEUR | C6: Lille Economie et Management | D6: LEM
A7: Claudia Teran Escobar | B7: MAITRE_DE_CONF | C7: Centre d'Economie de l'Environnement - Montpellier | D7: CEE-M
A8: Laure Bamière | B8: CR | C8: Paris Saclay Applied Economics | D8: PSAE
A9: Stéphane De Cara | B9: CR | C9: Paris Saclay Applied Economics | D9: PSAE
A10: Raphaële Preget | B10: CR | C10: Paris Saclay Applied Economics | D10: PSAE
A11: Sophie Thoyer | B11: DIR | C11: Centre d'Economie de l'Environnement - Montpellier | D11: CEE-M
A12: Jean-Philippe Boussemart | B12: PROFESSEUR | C12: Centre d'Economie de l'Environnement - Montpellier | D12: CEE-M
... A24: Mostafa Moradzadeh | B24: POSTDOC | C24: Laboratoire de géologie de l'Ecole Normale Supérieure | D24: LG-ENS

Sheet PREFALIM
A1: Contact | B1: Fonction | C1: Libellé structure | D1: Sigle structure
A2: Fabrice Etilé | B2: PROFESSEUR | C2: Paris-Jourdan Sciences Economiques | D2: PjSE
A3: Carole Dalin | B3: CR | C3: Laboratoire de géologie de l'Ecole Normale Supérieure | D3: LG-ENS
A4: Anne-Célia Disdier | B4: DIR | C4: Paris-Jourdan Sciences Economiques | D4: PjSE
A5: Carl Gaigné | B5: PROFESSEUR | C5: Laboratoire d'Etudes et de Recherches en Economie sur les Structures et Marchés Agricoles, Ressources et Territoires | D5: SMART-LERECO
A6: Christophe Gouel | B6: DIR | C6: Paris Saclay Applied Economics | D6: PSAE
A7: Marie Plessz | B7: DIR | C7: Centre Maurice Halbwachs | D7: CMH
A8: Céline Bonnet | B8: DIR | C8: TSE-R Toulouse School of Economics – Recherche | D8: TSE - R
A9: Laurent Muller | B9: DIR | C9: Laboratoire d’Economie Appliquée de Grenoble | D9: GAEL
A10: Benjamin Ouvrard | B10: CR | C10: Laboratoire d’Economie Appliquée de Grenoble | D10: GAEL
A11: Marc Fleurbaey | B11: MAITRE_DE_CONF | C11: Paris-Jourdan Sciences Economiques | D11: PjSE
A12: Stéphane Zuber | B12: DIR | C12: Paris-Jourdan Sciences Economiques | D12: PjSE
... A16: Rafael Schutz | B16: DOC | C16: Paris-Jourdan Sciences Economiques | D16: PjSE

Sheet RhizoSeqC
A1: Contact | B1: Fonction | C1: Libellé structure | D1: Sigle structure
A2: Samuel Abiven | B2: PROFESSEUR | C2: Laboratoire de géologie de l'Ecole Normale Supérieure | D2: LG-ENS
A3: Adeline Armelin | B3: ASSIST. INGE | C3: Institut de Biosciences et Biotechnologies d'Aix-Marseille (ex-IBEB) | D3: BIAM
A4: Alexandre Grondin | B4: CR | C4: Diversité, adpatation et développement des plantes | D4: DIADE
A5: Isabelle Basile | B5: DIR | C5: Centre de recherche et d'enseignement des géosciences de l'Environnement | D5: CEREGE
A6: Pierre Boutet | B6: INGE | C6: Centre de recherche et d'enseignement des géosciences de l'Environnement | D6: CEREGE
A7: Brian Phouybanhdyt | B7: INGE | C7: Laboratoire des Sciences du Climat et de l'Environnement | D7: LSCE
A8: Caroline Gauthier | B8: INGE | C8: Laboratoire des Sciences du Climat et de l'Environnement | D8: LSCE
A9: Cathy Clermont-Dauphin | B9: CR | C9: Diversité, adpatation et développement des plantes | D9: DIADE
A10: Christine Hatte | B10: DIR | C10: Laboratoire des Sciences du Climat et de l'Environnement | D10: LSCE
A11: Blanche Collin | B11: PROFESSEUR | C11: Centre de recherche et d'enseignement des géosciences de l'Environnement | D11: CEREGE
A12: Daniel Moukouanga | B12: TECH | C12: Diversité, adpatation et développement des plantes | D12: DIADE
... A34: Vladimir Vidal | B34: INGE | C34: Centre de recherche et d'enseignement des géosciences de l'Environnement | D34: CEREGE

Sheet CANETE
A1: Contact | B1: Fonction | C1: Libellé structure | D1: Sigle structure
A2: Bertrand Guenet | B2: DIR | C2: Laboratoire de géologie de l'Ecole Normale Supérieure | D2: LG-ENS
A3: Xavier Raynaud | B3: MAITRE_DE_CONF | C3: Institut d'écologie et des sciences de l'environnement de Paris | D3: iEES
A4: Lucas Auer | B4: INGE | C4: Interactions Arbres/Micro-organismes | D4: IAM
A5: Laurent Augusto | B5: DIR | C5: Interaction Sol Plante Atmosphère | D5: ISPA
A6: François Baudin | B6: PROFESSEUR | C6: Institut des sciences de la Terre Paris | D6: iSTeP
A7: Julien Sainte-Marie | B7: INGE | C7: Ecologie des forêts | D7: SILVA
A8: Tobias Boelscher | B8: CR | C8: Ecologie fonctionnelle et écotoxicologie des agroécosystèmes | D8: ECOSYS
A9: Marie Anne Alexis | B9: MAITRE_DE_CONF | C9: Milieux environnementaux, transferts et interactions dans les hydrosystèmes et les sols | D9: METIS
A10: Gwenaëlle Lashermes | B10: DIR | C10: Fractionnement des Agro-Ressources et Environnement | D10: FARE
A11: Valérie Pot | B11: CR | C11: Ecologie fonctionnelle et écotoxicologie des agroécosystèmes | D11: ECOSYS
A12: Nicolas Fanin | B12: CR | C12: Interaction Sol Plante Atmosphère | D12: ISPA
... A42: Pierre Verjans | B42: DOC | C42: Fractionnement des Agro-Ressources et Environnement | D42: FARE

Sheet CO2CMPhi
A1: Contact | B1: Fonction | C1: Libellé structure | D1: Sigle structure
A2: Hélène Launay | B2: CR | C2: Bioénergétique et Ingénierie des Protéines | D2: BIP
A3: Matthieu Bergé | B3: CR | C3: Laboratoire de Chimie Bactérienne | D3: LCB
A4: Amel Latifi | B4: PROFESSEUR | C4: Laboratoire de Chimie Bactérienne | D4: LCB
A5: Gilles Peltier | B5: DIR | C5: Institut de Biosciences et Biotechnologies d'Aix-Marseille (ex-IBEB) | D5: BIAM
A6: Yonghua Li-Beisson | B6: DIR | C6: Institut de Biosciences et Biotechnologies d'Aix-Marseille (ex-IBEB) | D6: BIAM
A7: Olivier Bornet | B7: INGE | C7: Institut de Microbiologie de la Méditerranée | D7: IMM
A8: Glaucia Squizato | B8: INGE | C8: Bioénergétique et Ingénierie des Protéines | D8: BIP
A9: Véronique Receveur-Brechot | B9: DIR | C9: Bioénergétique et Ingénierie des Protéines | D9: BIP

Sheet DroughtForC
A1: Contact | B1: Fonction | C1: Libellé structure | D1: Sigle structure
A2: Jean-Marc Limousin | B2: DIR | C2: Centre d'Ecologie Fonctionnelle et Evolutive | D2: CEFE
A3: Jean-Marc Ourcival | B3: INGE | C3: Centre d'Ecologie Fonctionnelle et Evolutive | D3: CEFE
A4: Jean Kempf | B4: INGE | C4: Centre d'Ecologie Fonctionnelle et Evolutive | D4: CEFE
A5: Isabelle Chuine | B5: DIR | C5: Centre d'Ecologie Fonctionnelle et Evolutive | D5: CEFE
A6: Florent Mouillot | B6: DIR | C6: Centre d'Ecologie Fonctionnelle et Evolutive | D6: CEFE
A7: Christian Pichot | B7: CR | C7: Ecologie des Forêts Méditerranéennes | D7: URFM
A8: Guillaume Simioni | B8: CR | C8: Ecologie des Forêts Méditerranéennes | D8: URFM
A9: Olivier Marloie | B9: INGE | C9: Ecologie des Forêts Méditerranéennes | D9: URFM
A10: Nicolas Martin Stpaul | B10: CR | C10: Ecologie des Forêts Méditerranéennes | D10: URFM
A11: Maxime Cailleret | B11: DOC | C11: Risques Ecosystèmes Vulnérabilité Environnement Résilience | D11: RECOVER
A12: Mathieu Santonja | B12: MAITRE_DE_CONF | C12: Institut méditerranéen de biodiversité et d'écologie marine et continentale | D12: IMBE
... A38: Joséphine Huet | B38: DOC | C38: Institut méditerranéen de biodiversité et d'écologie marine et continentale | D38: IMBE

Sheet GREENSCALE
A1: Contact | B1: Fonction | C1: Libellé structure | D1: Sigle structure
A2: Jean Alric | B2: DIR | C2: Institut de Biosciences et Biotechnologies d'Aix-Marseille (ex-IBEB) | D2: BIAM
A3: Fabien Chardon | B3: DIR | C3: Institut Jean-Pierre Bourgin de sciences végétales | D3: IJPB
A4: Katia Beauchene | B4: INGE | C4: ARVALIS | D4: ARVALIS
A5: Lucas Leverne | B5: INGE | C5: Laboratoire des Sciences du Climat et de l'Environnement | D5: LSCE
A6: Nicolas Vuichard | B6: DIR | C6: Laboratoire des Sciences du Climat et de l'Environnement | D6: LSCE
A7: Solan Levy | B7: INGE | C7: Institut de Biosciences et Biotechnologies d'Aix-Marseille (ex-IBEB) | D7: BIAM
A8: Xenie Johnson | B8: DIR | C8: Institut de Biosciences et Biotechnologies d'Aix-Marseille (ex-IBEB) | D8: BIAM
A9: Bernard Genty | B9: CR | C9: Institut de Biosciences et Biotechnologies d'Aix-Marseille (ex-IBEB) | D9: BIAM
A10: Stefania Viola | B10: CR | C10: Institut de Biosciences et Biotechnologies d'Aix-Marseille (ex-IBEB) | D10: BIAM
A11: Fabienne Maignan | B11: DIR | C11: Laboratoire des Sciences du Climat et de l'Environnement | D11: LSCE
A12: Nicolas Viovy | B12: DIR | C12: Laboratoire des Sciences du Climat et de l'Environnement | D12: LSCE
... A18: Pierre Rochepeau | B18: INGE | C18: ARVALIS | D18: ARVALIS

Sheet STATS GENERALES
A1: Projet | B1: Nombre d'Unités | C1: Nombre de personnes impliquées
A2: ALAMOD | B2: =COUNTA(_xlfn.UNIQUE(ALAMOD!D2:D100)) -> 24 | C2: =COUNTA(_xlfn.UNIQUE(ALAMOD!A2:A100)) -> 50
A3: SLAM-B | B3: =COUNTA(_xlfn.UNIQUE(SLAMB!D2:D100)) -> 29 | C3: =COUNTA(_xlfn.UNIQUE(SLAMB!A2:A100)) -> 57
A4: CARBONIUM | B4: =COUNTA(_xlfn.UNIQUE(CARBONIUM!D2:D100)) -> 27 | C4: =COUNTA(_xlfn.UNIQUE(CARBONIUM!A2:A100)) -> 70
A5: CROSYEN | B5: =COUNTA(_xlfn.UNIQUE(CROSYEN!D2:D100)) -> 8 | C5: =COUNTA(_xlfn.UNIQUE(CROSYEN!A2:A100)) -> 17
A6: RIFT | B6: =COUNTA(_xlfn.UNIQUE(RIFT!D2:D100)) -> 9 | C6: =COUNTA(_xlfn.UNIQUE(RIFT!A2:A100)) -> 19
A7: DEEP-C | B7: =COUNTA(_xlfn.UNIQUE(DEEPC!D2:D105)) -> 17 | C7: =COUNTA(_xlfn.UNIQUE(DEEPC!A2:A105)) -> 41
A8: TROPECOS | B8: =COUNTA(_xlfn.UNIQUE(TROPECOS!D2:D100)) -> 9 | C8: =COUNTA(_xlfn.UNIQUE(TROPECOS!A2:A100)) -> 28
A9: CABESTAN | B9: =COUNTA(_xlfn.UNIQUE(CABESTAN!D2:D100)) -> 10 | C9: =COUNTA(_xlfn.UNIQUE(CABESTAN!A2:A100)) -> 20
A10: PEACE | B10: =COUNTA(_xlfn.UNIQUE(PEACE!D2:D100)) -> 11 | C10: =COUNTA(_xlfn.UNIQUE(PEACE!A2:A100)) -> 21
A11: CLIM-FAS | B11: =COUNTA(_xlfn.UNIQUE(CLIMFAS!D2:D100)) -> 6 | C11: =COUNTA(_xlfn.UNIQUE(CLIMFAS!A2:A100)) -> 24
A12: PREFALIM | B12: =COUNTA(_xlfn.UNIQUE(PREFALIM!D2:D100)) -> 10 | C12: =COUNTA(_xlfn.UNIQUE(PREFALIM!A2:A100)) -> 16
A13: RhizoSeqC | B13: =COUNTA(_xlfn.UNIQUE(RhizoSeqC!D2:D100)) -> 11 | C13: =COUNTA(_xlfn.UNIQUE(RhizoSeqC!A2:A100)) -> 34
A14: CANETE | B14: =COUNTA(_xlfn.UNIQUE(CANETE!D2:D100)) -> 17 | C14: =COUNTA(_xlfn.UNIQUE(CANETE!A2:A100)) -> 42
A15: CO2CMPhi | B15: =COUNTA(_xlfn.UNIQUE(CO2CMPhi!D2:D100)) -> 5 | C15: =COUNTA(_xlfn.UNIQUE(CO2CMPhi!A2:A100)) -> 9
A16: Drought For C | B16: =COUNTA(_xlfn.UNIQUE(DroughtForC!D2:D100)) -> 10 | C16: =COUNTA(_xlfn.UNIQUE(DroughtForC!A2:A100)) -> 38
A17: GREENSCALE | B17: =COUNTA(_xlfn.UNIQUE(GREENSCALE!D2:D100)) -> 6 | C17: =COUNTA(_xlfn.UNIQUE(GREENSCALE!A2:A100)) -> 18
